StationID,Lat,Lon,Rainfall_mm
1006,-15.51,128.15,0.0
1007,-13.75,126.15,0.0
1019,-14.3,126.65,0.0
1020,-14.09,126.39,0.0
1024,-15.96,127.06,0.0
1025,-15.38,126.31,0.0
1035,-15.6,128.28,0.0
2009,-16.42,126.44,0.2
2021,-18.39,126.99,0.2
2022,-18.02,126.3,0.2
2030,-17.3,126.92,0.0
2036,-17.39,126.23,0.0
2043,-18.34,126.12,0.2
2051,-19.56,127.67,0.0
2053,-17.61,126.74,0.2
2056,-15.78,128.71,0.0
2064,-16.64,128.45,0.0
2068,-17.07,126.85,0.2
2072,-17.28,127.46,0.2
2073,-18.62,126.88,0.4
2074,-18.2,127.49,0.0
2077,-16.92,126.55,0.2
2078,-18.83,126.53,0.0
2079,-18.23,127.67,0.0
3003,-17.95,122.24,0.6
3030,-18.68,121.78,0.0
3032,-17.37,123.66,0.0
3051,-16.74,125.91,0.4
3057,-16.45,123.01,0.0
3063,-16.72,125.46,0.0
3080,-17.58,123.83,0.0
3093,-18.18,125.56,0.0
3094,-17.42,124.92,0.2
3098,-17.05,125.71,0.4
3099,-17.75,125.38,0.0
3101,-18.51,123.47,0.2
4004,-20.93,120.21,0.0
4006,-22.18,119.94,0.2
4019,-19.74,120.84,13.0
4028,-20.11,119.58,0.0
4032,-20.37,118.63,0.4
4083,-20.71,116.77,18.0
4086,-20.9,117.64,22.5
4090,-20.76,117.16,9.6
4106,-21.18,119.75,0.0
5001,-21.8,117.81,17.5
5006,-22.91,116.29,27.4
5007,-22.24,114.1,39.8
5008,-21.19,115.98,37.4
5013,-22.0,115.05,40.5
5014,-21.79,117.86,20.8
5017,-21.67,115.11,32.4
5022,-21.98,116.07,29.8
5029,-21.68,116.39,34.6
5034,-22.46,116.05,28.0
5051,-21.93,114.13,58.0
5066,-22.78,115.37,52.0
5084,-21.46,115.02,35.0
5094,-20.87,115.41,35.8
5095,-22.94,116.97,26.0
5098,-22.3,118.45,7.8
6005,-24.82,113.79,14.1
6010,-25.61,115.46,12.0
6011,-24.89,113.67,20.2
6022,-25.05,115.21,15.2
6045,-26.7,113.72,44.3
6052,-23.86,115.15,32.6
6055,-27.75,115.83,47.6
6066,-23.16,114.54,26.0
6069,-26.59,115.93,18.5
6070,-24.31,114.5,10.5
6099,-26.9,115.96,31.6
6102,-26.18,113.21,40.2
6104,-24.03,115.69,25.4
6105,-25.89,113.58,9.8
6111,-25.31,115.15,10.8
6112,-24.62,115.33,15.6
7001,-26.97,117.9,21.4
7007,-26.98,116.54,34.8
7008,-25.51,118.8,36.2
7014,-27.25,117.65,36.6
7017,-27.43,117.89,26.0
7019,-24.0,119.57,17.0
7037,-28.56,117.78,34.7
7045,-26.61,118.54,22.8
7059,-24.23,118.24,41.4
7064,-27.36,116.43,29.4
7068,-29.43,117.29,99.3
7083,-23.62,118.66,25.0
7096,-27.98,116.03,64.4
7103,-25.48,119.65,29.4
7129,-27.8,116.89,55.0
7139,-29.27,117.68,80.2
7176,-23.42,119.8,10.8
7177,-23.6,117.69,22.2
7179,-24.41,118.94,24.6
7185,-23.17,117.75,20.4
7197,-28.28,118.31,53.2
7207,-25.13,116.94,18.8
7208,-24.31,116.91,4.8
7209,-24.2,116.48,41.6
7210,-24.63,116.95,26.6
7211,-25.27,116.22,14.6
7212,-24.61,117.65,43.0
7600,-28.12,117.84,38.4
8002,-30.6,116.77,95.8
8005,-30.73,116.02,108.6
8008,-30.58,116.14,114.6
8013,-29.33,116.14,102.6
8025,-29.69,115.89,50.2
8028,-28.5,114.79,134.4
8037,-29.88,116.02,97.5
8050,-28.78,114.61,62.4
8052,-28.17,114.76,103.8
8057,-29.55,115.07,129.8
8060,-29.04,115.55,126.0
8061,-30.28,116.63,39.2
8066,-30.7,117.06,86.6
8072,-29.76,116.44,100.6
8079,-29.07,115.63,85.0
8087,-30.42,116.46,91.7
8088,-29.19,115.44,127.0
8095,-28.54,115.51,95.6
8100,-28.36,114.63,142.7
8107,-29.44,116.29,99.0
8113,-27.83,114.74,70.6
8121,-29.53,115.76,109.0
8137,-30.89,116.72,99.6
8139,-30.11,116.63,90.0
8143,-29.29,115.63,126.2
8157,-28.9,115.86,84.8
8168,-28.54,114.62,36.0
8200,-28.69,115.04,111.6
8202,-30.62,116.38,105.0
8230,-30.38,116.72,82.8
8237,-28.69,115.28,101.0
8240,-28.91,115.51,86.8
8251,-27.71,114.17,108.7
8254,-30.71,116.77,79.4
8273,-29.36,115.45,164.0
8276,-29.22,115.11,142.2
8280,-27.57,114.67,80.0
8286,-28.28,114.68,111.8
8290,-28.3,113.59,55.0
8294,-28.21,115.29,79.4
8295,-29.21,115.26,154.6
8296,-29.2,116.02,105.8
8297,-30.28,116.67,84.8
8298,-28.76,114.94,131.2
8299,-29.11,115.32,136.6
8300,-29.07,115.09,145.4
8301,-30.75,116.13,120.4
8302,-30.85,116.72,84.4
8304,-28.96,114.95,181.2
8305,-29.28,114.95,108.2
8307,-28.89,115.44,86.2
8308,-28.8,115.76,82.2
8309,-29.3,115.66,125.6
8310,-29.03,115.55,114.6
8315,-28.8,114.7,112.8
8316,-30.38,115.85,92.8
8318,-30.42,116.46,85.4
9000,-32.12,116.1,89.0
9007,-31.86,116.27,241.5
9015,-32.09,116.13,247.7
9018,-31.35,115.9,202.6
9021,-31.93,115.98,202.4
9023,-32.33,116.08,249.8
9030,-31.9,116.16,291.4
9033,-30.97,116.22,150.0
9037,-30.34,115.54,155.8
9039,-32.35,116.01,176.0
9040,-31.14,116.05,30.4
9053,-31.67,116.02,193.0
9066,-31.79,116.2,278.4
9105,-31.73,115.79,227.9
9111,-32.44,116.08,255.7
9113,-32.11,116.08,242.6
9131,-30.31,115.03,141.4
9172,-32.1,115.88,206.8
9178,-31.46,115.86,214.2
9182,-31.97,116.02,206.2
9193,-32.01,115.5,134.4
9215,-31.96,115.76,220.8
9225,-31.92,115.87,203.8
9240,-32.01,116.14,281.6
9243,-31.34,115.57,208.0
9248,-31.33,115.95,199.4
9256,-32.24,115.68,153.2
9258,-32.22,115.88,203.8
9260,-32.47,116.21,190.4
9264,-31.71,115.72,214.4
9268,-31.46,116.37,151.0
9271,-32.19,116.06,248.4
9274,-31.26,116.13,151.8
9275,-31.59,115.97,238.2
9276,-30.57,115.22,139.1
9277,-31.43,116.09,204.8
9278,-33.74,115.47,164.2
9279,-31.0,116.23,143.4
9280,-30.84,115.23,149.4
9281,-31.81,116.02,215.6
9500,-35.03,117.88,149.0
9513,-33.21,115.85,202.4
9515,-33.66,115.35,43.0
9518,-34.37,115.14,143.0
9519,-33.54,115.02,125.4
9534,-33.57,115.82,189.5
9538,-32.71,116.06,254.2
9542,-33.68,121.83,59.8
9557,-33.93,120.09,31.6
9573,-34.25,116.15,163.4
9579,-33.76,122.07,87.1
9581,-34.63,117.64,95.0
9585,-33.98,115.77,178.2
9587,-34.0,116.43,120.0
9592,-34.45,116.04,214.5
9603,-33.68,115.4,126.6
9613,-34.14,115.23,198.0
9617,-33.95,116.13,165.8
9619,-34.15,116.2,141.6
9628,-33.36,116.15,164.7
9629,-33.45,115.73,173.8
9633,-34.86,118.11,109.4
9635,-34.36,117.08,108.8
9636,-33.84,115.07,183.2
9647,-34.95,117.28,177.8
9710,-33.31,115.82,249.2
9739,-33.68,122.33,71.0
9752,-34.75,117.34,144.0
9769,-32.57,116.44,169.0
9772,-33.76,121.22,42.8
9776,-33.79,115.32,150.4
9784,-34.93,117.16,136.3
9789,-33.83,121.89,91.0
9803,-33.78,115.34,142.4
9805,-34.98,116.73,190.0
9813,-33.73,122.76,62.0
9815,-33.88,122.57,86.0
9822,-33.78,121.56,67.8
9842,-33.8,115.67,197.2
9852,-34.89,118.4,81.8
9865,-34.4,118.89,53.6
9868,-33.71,120.87,37.6
9871,-34.84,116.03,196.6
9877,-33.6,115.5,152.4
9891,-32.66,115.93,177.7
9893,-32.92,116.01,258.0
9894,-32.92,115.92,207.7
9912,-33.45,115.85,196.6
9917,-33.71,115.79,171.3
9923,-33.32,115.99,243.7
9961,-33.93,120.13,27.2
9964,-34.57,117.01,134.0
9965,-33.36,115.64,130.8
9967,-34.78,117.65,44.6
9968,-34.57,116.34,209.0
9971,-33.78,115.41,150.2
9976,-32.65,115.86,165.4
9977,-32.52,115.71,125.0
9978,-33.76,115.21,112.8
9982,-33.39,115.85,162.0
9987,-33.64,115.7,180.0
9988,-33.68,115.62,164.8
9989,-33.65,115.96,169.8
9990,-33.48,115.74,166.4
9991,-33.57,115.84,159.2
9992,-33.54,115.55,133.4
9994,-33.36,116.17,136.2
9997,-33.76,115.84,185.4
9998,-34.95,116.72,178.8
9999,-34.94,117.82,126.2
10000,-31.17,117.07,76.0
10007,-30.81,117.86,103.6
10009,-31.27,116.51,87.5
10010,-30.94,117.96,40.7
10011,-30.47,118.38,91.8
10019,-31.4,118.48,75.6
10026,-30.06,117.14,67.0
10031,-31.37,117.59,73.0
10032,-31.0,117.4,60.0
10034,-31.73,118.29,61.8
10040,-31.61,117.88,61.7
10041,-31.62,117.44,72.8
10043,-31.77,116.92,105.6
10044,-31.62,117.54,75.5
10055,-30.8,117.68,78.2
10058,-31.3,116.83,100.7
10060,-31.99,118.51,67.6
10061,-31.14,116.96,92.6
10064,-31.27,116.51,99.6
10073,-31.62,117.72,89.6
10075,-29.61,117.41,99.7
10076,-31.06,116.73,77.4
10089,-31.35,116.65,96.8
10092,-31.48,118.28,69.0
10097,-30.66,117.26,106.5
10102,-30.92,118.21,63.8
10104,-31.4,117.72,60.6
10111,-31.65,116.66,118.9
10112,-31.18,118.1,57.8
10124,-31.52,118.17,78.6
10126,-31.12,117.79,69.4
10129,-31.59,116.89,84.4
10132,-31.92,116.82,110.6
10134,-31.31,116.52,102.8
10135,-30.49,118.13,94.0
10136,-30.59,118.15,100.0
10137,-30.33,118.09,73.8
10140,-31.18,117.38,11.8
10143,-31.42,117.27,92.0
10145,-31.38,117.59,72.8
10149,-31.34,117.82,66.6
10151,-31.53,118.1,66.2
10155,-30.77,117.14,77.0
10158,-30.41,118.28,18.6
10163,-31.77,117.14,77.4
10192,-30.55,118.28,100.4
10230,-31.62,117.06,68.4
10245,-31.3,116.9,98.8
10286,-31.62,117.22,68.0
10304,-31.49,116.54,127.4
10307,-31.79,116.63,130.4
10308,-31.55,116.49,119.8
10310,-31.77,116.33,229.6
10311,-31.9,116.77,134.3
10502,-34.26,118.22,73.5
10503,-32.05,118.07,58.8
10508,-33.64,117.93,85.9
10511,-32.8,117.5,80.6
10515,-32.11,116.92,116.2
10518,-32.4,118.61,53.6
10520,-33.66,117.05,90.3
10524,-32.37,117.01,111.2
10525,-33.84,117.64,24.8
10527,-32.37,117.52,100.2
10530,-33.91,117.1,104.8
10531,-33.7,117.27,91.8
10534,-32.48,117.56,88.8
10536,-32.33,117.87,84.2
10537,-34.3,117.55,72.0
10541,-33.86,118.82,66.0
10542,-33.34,116.74,105.8
10546,-33.31,117.74,68.8
10556,-32.48,116.81,138.6
10564,-32.35,116.86,118.8
10568,-32.44,118.9,59.6
10582,-33.83,117.16,101.4
10584,-32.67,118.15,69.2
10614,-32.93,117.18,98.4
10619,-33.54,118.15,90.2
10622,-33.96,118.48,62.2
10625,-32.75,118.63,59.5
10626,-32.53,117.08,111.6
10627,-33.53,118.51,59.6
10628,-32.01,117.4,78.7
10633,-33.58,120.05,31.9
10634,-32.31,116.77,122.0
10635,-33.79,116.91,114.0
10641,-33.38,116.91,23.0
10643,-34.04,117.64,70.8
10647,-33.31,117.34,79.5
10665,-33.19,118.08,73.1
10692,-33.11,118.84,48.0
10699,-33.71,118.19,49.0
10702,-32.1,118.81,48.2
10729,-34.34,118.63,49.6
10792,-34.23,118.94,38.8
10831,-33.48,117.61,80.8
10866,-33.93,117.33,77.6
10878,-33.56,119.58,39.7
10888,-32.81,116.69,31.6
10889,-32.89,118.63,54.7
10897,-34.22,118.5,42.8
10905,-33.89,119.11,66.8
10911,-33.1,118.46,48.4
10912,-32.59,117.64,46.6
10916,-33.69,117.61,85.6
10917,-32.67,116.67,139.2
10919,-32.69,116.61,134.8
10920,-32.27,116.67,129.4
10921,-34.24,118.22,69.4
10923,-33.0,116.85,111.6
11003,-31.68,128.9,9.6
11019,-32.25,126.3,24.1
11022,-31.71,128.89,13.4
11052,-30.85,128.11,7.2
11053,-32.2,127.53,35.6
12009,-32.21,121.75,43.4
12011,-30.98,119.07,115.5
12013,-30.75,121.75,35.2
12027,-29.81,122.35,30.8
12038,-30.78,121.45,50.2
12044,-33.55,120.7,31.0
12064,-31.33,118.97,70.4
12071,-32.99,121.62,35.0
12083,-31.3,118.7,78.6
12114,-33.68,120.7,17.7
12223,-33.22,121.35,29.8
12227,-30.82,119.52,78.8
12239,-28.5,119.74,41.4
12241,-28.88,121.32,22.8
12297,-33.49,122.59,49.6
12305,-28.61,122.42,27.6
12314,-27.84,120.7,20.8
12320,-31.24,119.36,111.2
13011,-26.13,126.58,0.6
13015,-25.8,122.98,30.7
13017,-25.03,128.3,5.6
13018,-26.12,121.94,5.5
13030,-21.71,122.23,0.0
13040,-27.15,124.57,15.5
13044,-26.63,120.22,26.8
14015,-12.42,130.89,0.0
14023,-12.25,131.04,0.2
14031,-12.39,130.63,0.6
14041,-12.61,131.3,0.8
14050,-12.47,130.85,0.0
14055,-13.48,131.12,0.0
14059,-14.08,131.81,0.0
14142,-11.4,130.42,0.0
14144,-12.4,130.88,0.0
14163,-12.44,130.84,0.0
14198,-12.66,132.89,0.0
14224,-13.81,132.2,1.6
14226,-12.58,131.08,0.2
14246,-12.38,130.91,0.0
14253,-13.17,130.12,0.0
14254,-12.24,131.88,55.8
14256,-12.9,132.53,4.8
14266,-12.41,130.97,0.0
14272,-13.05,131.03,0.0
14274,-11.05,132.98,0.0
14277,-12.64,130.37,0.0
14299,-14.72,134.75,0.0
14306,-16.82,136.33,0.0
14308,-11.16,132.48,0.2
14309,-11.55,132.93,0.0
14310,-12.33,133.01,0.0
14314,-12.61,131.05,3.0
14401,-11.65,133.38,0.0
14404,-12.09,134.89,0.0
14405,-12.06,134.23,0.0
14517,-12.0,135.57,0.0
14518,-13.97,136.46,0.8
14602,-14.14,134.47,0.0
14626,-16.26,133.38,0.2
14627,-13.67,134.34,0.0
14648,-14.14,133.11,0.0
14651,-13.83,133.33,0.0
14652,-14.53,132.8,0.0
14653,-14.26,133.59,0.0
14654,-14.33,133.12,0.0
14703,-15.74,136.82,1.2
14704,-16.44,136.08,0.0
14723,-16.08,136.3,0.0
14729,-15.63,136.39,0.0
14730,-14.11,133.34,0.4
14806,-16.42,132.09,0.0
14808,-15.44,130.57,0.0
14816,-15.74,131.53,0.0
14825,-16.4,131.01,0.0
14828,-16.39,131.56,0.0
14829,-18.33,130.64,0.0
14830,-17.6,131.54,0.4
14854,-17.86,130.88,0.2
14866,-17.61,130.07,0.0
14867,-16.96,130.57,0.0
14901,-13.83,131.19,0.0
14906,-14.19,130.88,0.0
14909,-13.33,133.09,2.4
14932,-14.52,132.38,0.0
14947,-14.01,132.21,0.4
14949,-15.74,131.92,0.0
14950,-14.12,132.64,1.6
14954,-14.94,130.81,0.0
14962,-14.25,132.74,6.0
14965,-14.19,132.4,0.0
14966,-14.31,132.42,0.2
14970,-14.11,132.9,0.2
14972,-13.85,132.65,2.2
14982,-12.79,130.85,0.0
14983,-12.91,131.87,0.4
14984,-13.09,131.85,1.4
15131,-17.56,133.54,0.0
15135,-19.64,134.18,1.2
15511,-25.31,131.76,0.0
15531,-23.95,132.77,2.2
15590,-23.8,133.89,0.2
15602,-22.95,136.14,0.0
15611,-22.72,131.17,0.0
15633,-24.06,132.74,2.2
15635,-25.19,130.97,1.6
15643,-22.45,133.64,0.0
15652,-24.29,131.55,3.2
15664,-23.27,129.38,0.0
15666,-20.18,130.01,0.0
15679,-23.7,133.84,0.4
16001,-31.16,136.81,14.0
16006,-29.94,134.15,9.6
16055,-32.38,135.52,17.0
16056,-32.12,137.15,14.0
16059,-29.81,133.36,13.0
16065,-30.45,137.17,7.4
16067,-32.44,136.07,24.8
16090,-29.03,134.72,4.8
16095,-26.21,133.85,0.6
16096,-30.49,136.87,7.0
16097,-26.26,132.18,10.8
16098,-30.71,134.58,11.4
17014,-31.09,138.68,16.4
17024,-30.07,138.27,4.4
17043,-27.56,135.45,1.2
17055,-30.02,138.04,2.0
17089,-27.72,138.25,0.4
17099,-30.31,139.34,9.3
17110,-30.6,138.42,7.2
17119,-30.84,138.32,9.8
17123,-28.1,140.2,1.2
17126,-29.66,138.07,0.4
17131,-29.91,139.73,1.8
18001,-33.91,136.57,22.0
18012,-32.13,133.7,14.2
18014,-33.7,136.49,32.1
18019,-34.39,135.47,87.8
18022,-33.68,136.91,9.3
18023,-34.26,135.73,56.1
18024,-33.47,136.21,22.8
18037,-33.19,136.56,23.5
18040,-33.14,136.41,12.8
18044,-33.13,135.55,25.3
18046,-33.57,135.76,51.8
18063,-31.93,133.01,10.0
18069,-33.65,134.89,48.3
18071,-34.6,135.87,58.1
18079,-32.81,134.2,26.5
18083,-33.04,135.45,25.0
18086,-34.38,136.1,19.7
18094,-32.4,134.53,19.6
18099,-34.13,135.73,72.2
18106,-31.45,130.9,28.0
18113,-33.97,136.25,21.2
18116,-33.71,136.5,30.4
18120,-33.05,137.52,23.0
18137,-34.83,135.7,92.0
18171,-34.14,135.33,61.8
18176,-33.34,136.75,19.0
18188,-34.63,135.47,70.9
18190,-32.9,136.19,24.6
18192,-34.6,135.88,44.8
18195,-32.84,135.15,34.6
18201,-32.51,137.72,14.4
18204,-33.59,134.89,25.2
18217,-34.25,135.71,61.2
18218,-32.11,133.2,8.0
18219,-32.18,134.08,25.0
18229,-32.68,137.37,16.0
18230,-34.68,135.34,49.0
19001,-33.05,138.43,16.8
19006,-32.88,138.35,24.4
19008,-32.46,138.2,24.6
19009,-32.42,138.53,32.4
19017,-31.9,138.44,19.4
19024,-32.83,138.19,57.2
19025,-32.77,138.51,31.0
19031,-32.89,139.06,22.7
19032,-32.73,138.61,18.4
19037,-33.02,138.0,39.7
19038,-32.35,138.04,30.4
19047,-32.69,138.32,31.9
19048,-32.65,138.1,18.4
19052,-33.03,138.27,52.6
19053,-33.09,138.21,54.8
19062,-33.03,138.76,33.6
19107,-31.37,138.72,3.4
19114,-32.43,138.89,21.4
19115,-33.02,138.62,52.6
19120,-32.85,138.0,32.4
19122,-32.21,138.24,20.4
20001,-31.97,140.54,20.1
20010,-32.06,139.38,9.4
20013,-32.43,139.99,19.4
20020,-32.64,139.65,9.8
20022,-33.25,140.03,9.6
20028,-33.76,140.13,16.5
20043,-33.19,139.62,9.2
20055,-31.75,140.34,11.4
20062,-32.57,139.56,12.2
21001,-34.03,138.68,61.8
21002,-34.14,138.42,29.2
21003,-33.85,138.49,37.2
21010,-33.75,138.56,52.2
21012,-33.86,138.01,41.2
21016,-33.35,138.21,28.8
21019,-33.83,138.79,58.2
21020,-33.36,138.39,49.1
21022,-33.47,138.44,45.3
21027,-33.2,138.61,32.6
21029,-33.59,138.33,44.2
21031,-33.19,138.3,65.5
21033,-33.91,138.72,60.6
21034,-33.56,138.9,43.6
21042,-33.6,137.93,32.0
21057,-33.57,138.45,46.4
21059,-33.69,138.64,43.0
21062,-33.3,138.76,38.0
21063,-34.16,138.18,18.6
21072,-33.33,138.32,38.8
21075,-33.75,138.61,46.0
21076,-33.93,138.81,2.0
21077,-33.68,138.94,36.9
21100,-33.65,138.83,13.4
21110,-33.79,137.71,21.2
21123,-33.94,138.72,49.6
21127,-33.88,138.64,66.2
21130,-34.1,138.63,13.2
21131,-33.82,138.59,56.8
21133,-33.77,138.22,38.4
21137,-34.0,138.57,53.6
21139,-33.24,138.0,37.2
21140,-34.0,138.91,49.0
22008,-34.37,137.67,23.3
22009,-34.77,137.6,38.4
22011,-34.07,137.59,16.8
22012,-34.04,137.9,25.8
22013,-34.49,137.48,27.0
22014,-34.78,137.86,41.6
22015,-34.3,138.0,13.6
22017,-34.91,137.8,43.0
22018,-34.99,137.4,64.0
22020,-33.93,137.64,27.0
22022,-34.14,138.01,35.3
22023,-35.02,137.6,45.6
22031,-34.75,137.53,40.8
22046,-35.11,137.74,47.2
22049,-35.28,136.94,76.6
22050,-33.97,137.66,22.4
22054,-34.56,137.86,52.6
22055,-34.65,137.73,46.2
22056,-34.4,137.72,33.0
22803,-35.84,138.13,56.4
22807,-35.66,137.64,51.6
22823,-35.75,136.6,65.6
22835,-35.73,137.12,83.6
22841,-35.71,137.52,62.8
22843,-35.79,137.25,68.6
23000,-34.93,138.58,42.4
23005,-34.95,138.65,48.0
23011,-34.92,138.6,31.6
23013,-34.8,138.63,51.2
23034,-34.95,138.52,34.0
23039,-34.19,138.63,45.4
23043,-34.76,138.63,39.6
23055,-34.95,138.52,31.6
23076,-34.43,138.26,33.8
23083,-34.71,138.62,57.2
23085,-34.92,138.68,54.0
23096,-34.86,138.68,69.8
23101,-34.89,138.64,56.4
23105,-34.98,138.62,46.8
23107,-34.6,138.74,58.2
23108,-35.05,138.73,118.4
23114,-34.95,138.66,46.2
23115,-34.95,138.58,37.6
23122,-34.51,138.68,57.4
23128,-34.2,138.6,40.0
23129,-34.46,138.56,50.8
23133,-34.87,138.64,60.0
23135,-34.37,138.67,40.2
23137,-34.87,138.57,28.2
23143,-34.98,138.54,2.6
23146,-34.6,138.96,58.2
23147,-33.93,138.68,51.8
23314,-34.16,138.75,50.2
23318,-34.51,138.96,44.6
23348,-34.51,138.84,45.2
23349,-34.09,138.79,44.8
23357,-34.47,139.0,45.6
23365,-34.23,138.7,41.4
23369,-34.46,138.92,50.6
23370,-34.31,138.73,55.6
23372,-34.45,139.06,47.2
23373,-34.48,139.01,54.8
23374,-34.25,139.02,43.8
23379,-34.31,139.12,40.4
23380,-34.3,138.85,55.0
23381,-34.06,139.01,0.0
23382,-34.5,139.08,37.8
23704,-35.01,138.65,73.9
23705,-34.8,138.95,88.1
23710,-35.11,138.62,83.8
23714,-35.37,138.81,62.5
23720,-35.02,138.81,91.5
23721,-35.06,138.57,49.2
23723,-35.49,138.47,91.2
23725,-34.56,139.13,57.0
23731,-34.83,138.82,110.8
23732,-35.14,138.53,61.8
23733,-35.07,138.85,98.2
23734,-35.12,138.68,88.2
23735,-35.35,138.62,34.5
23747,-35.26,138.89,62.4
23750,-34.96,138.74,116.8
23752,-34.65,138.88,78.5
23753,-35.27,138.56,50.4
23754,-35.46,138.35,56.8
23783,-35.4,138.43,85.8
23786,-34.83,139.01,67.0
23787,-35.02,138.86,85.8
23799,-35.22,138.73,90.2
23801,-34.95,138.81,111.4
23803,-34.94,138.73,50.6
23804,-35.55,138.6,62.2
23817,-35.02,138.74,120.8
23820,-34.68,138.86,75.6
23822,-35.18,139.02,40.8
23825,-35.53,138.81,25.1
23842,-34.98,138.71,95.2
23843,-35.03,138.71,103.4
23846,-35.0,138.66,67.2
23858,-34.76,138.78,65.2
23860,-34.95,138.68,54.4
23862,-34.91,138.88,82.0
23863,-35.02,139.0,56.4
23865,-34.89,138.81,107.2
23866,-35.01,138.8,90.8
23867,-34.93,138.75,99.6
23871,-35.32,138.46,56.6
23873,-34.99,138.69,96.4
23876,-35.23,138.54,49.2
23877,-34.79,138.87,101.4
23878,-34.73,138.93,77.4
23879,-34.85,138.88,100.2
23880,-34.76,138.93,91.8
23881,-34.77,139.01,75.6
23882,-34.87,138.91,102.4
23885,-35.16,138.51,46.4
23887,-35.17,138.68,88.8
23890,-35.0,138.62,60.4
23891,-34.98,138.74,107.7
23892,-34.89,138.76,75.6
23894,-35.52,138.82,29.6
23896,-34.88,138.71,71.2
23905,-34.97,138.74,101.4
23910,-35.13,138.69,14.8
23911,-35.06,138.76,106.0
23916,-35.03,138.59,53.6
23920,-34.96,138.87,89.4
23921,-35.1,138.67,90.8
23922,-34.79,138.9,84.8
24003,-34.17,140.75,16.2
24008,-34.26,140.65,21.0
24024,-34.44,140.6,13.6
24025,-34.27,140.6,15.4
24048,-34.2,140.68,12.8
24501,-34.1,139.16,32.8
24504,-34.12,139.36,11.1
24508,-35.13,139.04,32.0
24511,-34.18,139.09,42.4
24518,-35.69,139.34,28.2
24519,-35.41,138.97,32.0
24521,-35.12,139.26,26.4
24525,-34.85,139.16,45.6
24528,-33.99,139.08,40.2
24530,-34.46,139.36,19.6
24531,-34.57,139.3,17.7
24536,-35.25,139.45,24.9
24564,-34.35,139.62,23.2
24572,-35.28,139.2,33.0
24573,-34.41,139.13,51.3
24575,-34.54,139.19,33.6
24579,-34.88,138.97,78.6
24580,-35.28,138.89,63.6
24583,-34.95,138.93,67.4
24584,-35.07,139.23,30.8
24585,-34.51,139.53,18.2
24586,-34.13,139.42,8.2
24589,-35.13,139.11,30.4
24590,-34.8,139.05,65.4
24591,-34.93,139.03,50.2
24592,-35.08,139.07,38.6
25000,-34.73,140.5,11.2
25002,-34.83,139.67,15.0
25006,-35.09,139.9,18.6
25014,-34.72,140.74,18.0
25015,-35.27,140.91,21.7
25050,-34.63,140.24,16.4
25502,-35.38,139.56,23.6
25504,-35.69,139.85,35.0
25506,-35.38,140.16,15.2
25507,-36.1,140.36,68.3
25512,-35.38,140.25,9.1
25514,-35.88,140.06,29.5
25557,-36.11,140.33,64.6
25560,-36.31,140.74,57.0
25562,-35.38,140.54,30.4
26007,-36.71,140.96,64.7
26012,-36.83,139.85,49.4
26016,-36.97,140.37,58.0
26021,-37.75,140.77,109.2
26026,-37.16,139.76,84.3
26067,-37.96,140.77,94.0
26075,-37.14,140.95,24.8
26091,-37.29,140.83,76.2
26095,-36.97,139.72,52.8
26099,-36.98,140.73,60.2
26100,-36.65,140.52,66.6
26105,-37.18,139.81,78.6
26107,-36.44,140.34,47.0
26109,-37.38,139.95,116.4
27015,-12.45,142.64,1.2
27031,-10.9,142.38,3.0
27045,-12.68,141.92,0.0
27054,-10.05,143.07,6.2
27058,-10.58,142.29,2.4
27072,-12.09,142.56,0.0
27073,-13.76,143.12,0.8
27075,-12.62,142.09,0.0
28004,-16.0,144.08,0.4
28008,-12.79,143.3,16.6
29016,-18.85,142.57,0.0
29034,-21.27,141.29,0.6
29038,-15.48,141.75,0.0
29058,-20.67,141.72,0.8
29063,-17.69,141.07,0.0
29077,-17.75,139.54,0.0
29127,-20.68,139.49,1.6
29139,-17.11,139.6,0.0
29141,-20.67,140.51,0.2
29166,-18.97,138.8,0.0
29167,-18.76,138.71,0.0
29181,-20.12,139.73,0.0
29182,-16.66,139.17,0.6
30022,-20.82,144.23,3.2
30124,-18.3,143.53,0.0
30127,-20.99,144.64,5.0
30130,-19.89,145.61,2.0
30161,-20.7,143.11,1.0
31011,-16.87,145.75,14.4
31036,-16.82,145.64,22.9
31037,-16.38,145.56,1.4
31049,-17.09,145.79,17.0
31062,-16.39,145.35,8.4
31069,-17.67,145.24,1.2
31104,-17.16,145.88,26.0
31108,-17.13,145.43,24.3
31180,-16.53,145.13,7.0
31181,-17.55,145.72,58.0
31182,-17.59,145.6,68.0
31183,-17.36,145.59,26.0
31184,-17.44,145.51,29.0
31185,-17.52,145.61,46.0
31186,-17.68,145.66,43.0
31187,-17.47,145.73,83.0
31188,-17.0,145.43,15.0
31191,-18.15,145.48,5.0
31196,-17.7,145.15,0.0
31197,-18.04,144.89,3.0
31198,-17.38,145.38,0.0
31200,-17.59,145.53,34.0
31205,-16.98,145.67,19.0
31209,-15.45,145.19,3.2
31210,-17.07,145.43,16.8
31213,-14.97,145.31,25.8
31217,-17.26,145.47,37.0
31222,-16.95,145.75,15.4
32020,-17.56,145.96,70.0
32032,-18.59,146.25,58.0
32033,-17.46,145.88,69.2
32037,-17.61,146.0,75.0
32040,-19.25,146.77,0.0
32042,-17.94,145.93,83.5
32043,-18.72,145.92,4.4
32045,-18.65,146.2,33.8
32050,-19.2,146.61,0.0
32064,-19.01,146.21,45.0
32078,-18.65,146.17,39.2
32094,-18.62,146.18,41.8
32098,-19.04,146.41,12.4
32109,-18.11,145.81,21.0
32117,-18.69,146.3,33.5
32141,-18.52,146.39,13.8
32142,-18.68,145.75,19.0
32152,-17.55,145.93,54.0
32162,-17.62,145.8,47.0
32163,-17.52,146.03,73.0
32164,-17.68,145.89,55.0
32166,-17.55,145.93,59.0
32167,-17.99,145.94,46.0
32169,-18.19,145.33,2.0
32170,-18.41,145.77,27.0
32172,-18.46,145.74,28.0
32173,-18.68,146.0,9.0
32174,-18.49,145.94,0.0
32176,-18.14,145.61,11.0
32184,-18.45,145.83,20.0
32185,-18.58,146.28,28.0
32186,-18.85,145.91,16.0
32191,-18.59,146.07,48.0
32192,-18.55,146.18,74.0
32194,-17.69,146.11,101.2
32195,-19.41,146.76,2.4
32196,-19.3,146.24,1.6
32197,-17.56,146.01,74.2
33001,-19.58,147.41,6.0
33002,-19.62,147.38,6.0
33008,-22.85,150.65,52.0
33013,-20.55,147.85,0.0
33023,-21.1,149.1,9.3
33045,-21.17,149.18,11.4
33053,-21.0,148.94,9.0
33060,-21.14,149.04,3.3
33062,-20.1,146.89,17.6
33076,-23.13,150.37,22.8
33077,-23.1,150.73,88.8
33080,-21.0,148.74,2.0
33106,-20.37,148.95,24.8
33111,-22.82,149.89,26.8
33119,-21.12,149.22,17.0
33170,-22.36,149.37,32.0
33175,-20.21,147.78,5.6
33195,-22.47,150.18,30.2
33210,-22.35,149.52,46.8
33229,-23.22,150.38,25.1
33247,-20.49,148.56,6.8
33255,-20.35,148.95,26.0
33263,-20.42,148.11,9.0
33264,-20.01,148.2,4.0
33266,-20.24,148.03,9.0
33267,-20.22,148.12,8.0
33268,-20.15,148.16,3.0
33269,-20.31,148.22,5.0
33270,-20.5,148.2,8.0
33277,-21.18,148.83,0.0
33280,-19.63,147.11,0.0
33285,-23.09,150.11,14.0
33286,-19.76,147.24,0.0
33287,-19.97,147.25,1.0
33288,-19.64,147.4,4.0
33289,-20.14,147.56,5.0
33290,-20.29,147.9,2.0
33291,-20.31,147.3,7.0
33292,-20.58,147.6,0.0
33294,-23.14,150.75,55.8
33295,-19.46,147.48,16.2
33299,-21.27,148.82,9.0
33300,-21.14,149.08,9.0
33301,-21.32,148.84,0.0
33302,-21.18,148.83,9.0
33303,-21.14,149.19,13.0
33304,-21.18,148.74,0.0
33306,-20.41,148.23,6.0
33307,-19.42,146.54,1.0
33308,-22.74,150.66,42.2
33310,-23.2,150.4,67.0
33312,-23.22,150.61,17.0
33313,-22.83,150.34,24.6
33320,-21.01,148.91,11.0
33327,-20.02,148.21,6.0
33328,-19.78,146.5,5.8
33329,-21.17,149.15,9.6
34010,-20.43,146.01,10.2
34035,-22.06,148.08,9.2
34084,-20.04,146.27,0.2
34094,-21.0,146.43,3.0
34097,-20.65,147.14,0.0
35014,-26.12,149.96,50.0
35016,-23.09,148.02,11.8
35018,-24.81,147.75,20.0
35039,-26.36,150.05,53.8
35040,-25.58,148.48,37.8
35053,-23.19,147.35,19.4
35063,-24.21,148.74,23.0
35064,-24.45,147.9,17.0
35065,-24.12,148.09,17.6
35068,-25.61,148.94,30.0
35069,-24.88,146.26,6.8
35070,-25.64,149.8,33.1
35073,-25.32,146.02,4.0
35081,-26.29,149.83,43.0
35093,-25.02,147.95,23.2
35109,-22.82,148.49,18.0
35117,-25.39,149.78,1.4
35124,-22.78,147.62,15.2
35129,-24.46,148.63,29.8
35131,-23.13,148.53,17.2
35134,-23.6,148.81,17.2
35139,-23.94,147.53,21.0
35146,-23.55,148.24,12.2
35182,-25.68,149.63,23.2
35185,-23.12,148.04,16.6
35186,-23.77,149.12,0.0
35187,-23.19,147.89,12.0
35205,-24.02,147.92,22.8
35225,-24.29,148.11,20.5
35242,-25.9,150.13,24.2
35251,-23.88,147.76,25.0
35264,-23.57,148.18,11.2
35274,-23.85,148.11,18.0
35276,-23.86,148.5,15.2
35282,-25.64,149.79,30.0
35292,-23.85,147.4,14.6
35293,-24.34,148.06,23.6
35294,-23.8,147.77,28.0
35295,-23.07,149.04,24.0
36007,-23.55,145.29,13.1
36023,-21.51,144.63,5.0
36026,-24.26,144.44,11.8
36031,-23.44,144.28,4.0
36034,-24.43,145.43,9.6
36036,-23.62,145.7,12.2
36050,-22.02,145.98,7.0
36094,-24.45,144.11,20.0
36160,-22.27,147.09,17.0
36161,-23.42,144.23,4.0
36172,-21.97,144.33,5.1
37000,-22.15,142.49,2.8
37010,-19.92,138.12,0.0
37034,-21.81,139.93,0.2
37036,-21.84,140.89,0.8
37039,-22.36,143.08,0.6
37053,-20.94,139.3,0.0
37058,-21.6,138.37,0.4
37059,-20.59,139.34,1.2
37106,-21.88,139.97,4.0
37120,-21.9,143.1,1.0
38000,-24.36,139.47,0.0
38003,-22.91,139.9,0.0
38004,-24.85,143.67,15.8
38026,-25.9,139.35,0.4
38035,-25.59,143.89,18.6
38076,-25.41,142.66,5.8
39000,-25.13,151.13,25.6
39035,-23.14,149.97,35.0
39036,-25.37,151.12,20.8
39037,-24.79,152.36,33.6
39040,-24.99,151.96,33.5
39044,-23.57,149.95,23.0
39054,-24.2,150.37,6.5
39059,-24.11,152.72,183.0
39066,-25.62,151.62,9.4
39067,-23.58,150.4,15.8
39068,-23.81,150.98,23.6
39070,-25.17,151.64,22.1
39071,-24.57,149.97,37.4
39073,-25.59,151.3,14.2
39083,-23.38,150.48,21.4
39089,-24.49,150.57,11.0
39123,-23.86,151.26,30.8
39128,-24.91,152.32,39.4
39158,-24.95,150.08,19.0
39186,-24.93,152.2,39.5
39193,-25.55,151.66,13.0
39201,-24.33,149.86,29.0
39242,-23.4,150.62,24.8
39258,-25.14,151.98,24.6
39259,-25.38,151.08,21.4
39290,-24.41,150.52,9.8
39303,-25.26,152.28,39.6
39314,-24.16,151.89,53.6
39319,-25.13,151.13,21.0
39320,-25.59,151.3,12.0
39321,-25.4,151.1,27.0
39326,-23.87,151.22,28.0
39332,-24.41,149.84,29.4
39338,-25.36,152.1,24.0
39339,-25.11,151.85,32.0
39340,-25.32,151.72,1.0
39341,-25.52,151.76,10.0
39349,-23.63,150.15,24.4
39352,-24.86,152.35,42.0
40004,-27.63,152.71,11.0
40020,-26.89,152.1,19.6
40026,-25.6,152.59,33.2
40043,-27.03,153.47,175.0
40068,-25.93,153.19,99.8
40071,-26.38,151.19,19.0
40082,-27.54,152.34,14.8
40089,-26.06,152.79,43.0
40093,-26.18,152.64,58.6
40094,-27.81,152.67,13.2
40106,-26.6,152.73,50.8
40126,-25.51,152.72,56.6
40139,-28.07,152.61,19.2
40151,-25.61,152.59,27.0
40169,-26.84,152.88,53.6
40170,-27.3,152.05,26.4
40189,-27.11,152.56,15.2
40197,-27.97,153.2,33.6
40209,-27.44,153.55,325.4
40211,-27.57,153.01,28.2
40224,-27.42,153.0,23.4
40246,-26.55,151.42,18.2
40247,-26.84,152.58,14.0
40258,-26.84,151.98,9.0
40269,-27.64,153.38,98.8
40284,-26.96,152.96,56.0
40319,-27.73,153.33,75.2
40334,-25.51,152.04,26.0
40335,-27.97,153.21,43.0
40341,-27.88,153.21,25.2
40343,-27.04,152.87,24.7
40376,-28.09,153.16,19.4
40390,-25.65,152.66,27.2
40405,-25.32,152.88,66.2
40416,-28.0,153.31,69.0
40455,-25.85,151.37,16.2
40458,-27.53,153.18,39.4
40478,-25.5,153.13,200.1
40490,-28.21,152.54,32.0
40500,-26.64,151.94,14.4
40503,-27.61,152.58,10.0
40607,-28.2,153.27,112.0
40659,-27.7,152.94,40.6
40677,-28.18,152.66,29.5
40686,-26.18,152.82,42.8
40688,-25.96,152.49,32.0
40693,-27.38,152.82,24.0
40695,-26.71,152.93,86.6
40708,-26.03,151.06,20.8
40714,-28.07,152.93,11.0
40717,-28.17,153.51,139.8
40738,-27.91,153.11,24.0
40754,-28.22,152.87,23.0
40761,-27.78,153.19,47.0
40762,-27.83,152.99,15.0
40763,-27.4,152.61,10.0
40764,-27.94,153.43,106.6
40770,-27.52,153.25,73.8
40777,-26.46,152.68,44.0
40778,-26.36,152.63,52.0
40782,-26.33,152.81,88.0
40784,-27.62,153.04,39.0
40785,-27.6,152.95,36.0
40786,-27.75,152.91,21.0
40788,-27.66,153.0,48.0
40790,-27.54,153.06,26.0
40793,-27.76,152.84,34.2
40794,-27.7,152.93,38.0
40801,-26.39,152.68,49.4
40811,-26.08,152.22,15.0
40814,-26.53,152.74,57.0
40816,-27.67,152.7,18.0
40818,-27.54,152.8,19.0
40820,-27.12,152.56,15.0
40822,-27.0,152.4,11.0
40823,-27.14,152.33,6.0
40824,-26.17,152.6,62.0
40825,-25.9,152.35,30.0
40827,-25.71,151.81,21.0
40829,-27.54,152.11,9.0
40830,-26.63,152.7,26.0
40831,-27.61,152.76,15.0
40832,-28.2,152.77,18.0
40833,-25.77,152.53,19.0
40836,-27.63,152.75,10.0
40841,-28.15,152.57,18.0
40842,-27.39,153.13,18.2
40844,-28.13,153.19,36.0
40845,-28.2,153.19,61.0
40846,-28.0,153.31,103.0
40847,-28.05,153.28,55.0
40848,-28.21,153.27,116.2
40861,-26.6,153.09,148.0
40865,-28.09,152.72,24.0
40867,-27.94,152.62,15.4
40868,-25.74,152.24,18.4
40873,-27.64,152.79,16.0
40874,-27.61,152.91,14.0
40875,-27.61,152.81,19.0
40876,-28.24,152.49,37.0
40878,-27.69,153.14,30.0
40881,-27.95,153.42,102.0
40882,-28.17,153.22,53.0
40889,-26.45,152.49,40.2
40891,-25.6,152.26,9.6
40892,-25.96,152.58,42.8
40893,-26.06,152.77,48.0
40902,-25.5,152.38,42.0
40903,-25.24,152.53,50.0
40904,-25.28,152.51,69.0
40905,-25.29,152.41,58.0
40906,-25.4,152.53,47.0
40907,-25.33,152.56,49.0
40908,-26.39,153.04,152.2
40912,-27.76,152.47,9.8
40913,-27.48,153.04,24.8
40922,-26.57,151.84,26.2
40924,-26.9,152.77,29.2
40928,-27.56,152.82,17.9
40931,-28.23,153.14,60.0
40932,-28.26,153.09,36.0
40933,-28.27,153.03,38.0
40934,-27.85,152.91,21.0
40935,-27.79,153.02,25.0
40936,-28.06,153.04,17.0
40937,-28.0,153.16,0.0
40938,-27.91,153.1,31.0
40939,-27.97,152.99,17.0
40940,-27.83,152.99,22.2
40941,-28.07,152.85,28.0
40942,-28.32,152.77,30.0
40943,-28.25,152.89,17.0
40944,-28.17,152.98,24.0
40945,-28.07,152.93,20.0
40946,-28.22,152.87,19.0
40947,-28.15,152.57,22.0
40948,-28.15,152.74,21.0
40949,-28.0,152.69,17.0
40958,-27.22,153.09,30.0
40962,-27.61,152.82,21.3
40964,-27.67,153.04,41.2
40965,-27.24,153.09,27.8
40969,-27.07,153.11,47.6
40976,-27.48,152.98,17.5
40978,-27.08,153.18,68.0
40979,-27.12,152.94,49.0
40980,-27.18,153.02,35.0
40981,-28.08,153.43,166.0
40983,-27.97,152.99,13.0
40985,-27.67,152.87,19.0
40988,-26.64,152.94,85.4
40993,-26.19,152.66,54.0
40998,-26.8,153.11,140.1
41022,-28.5,151.97,35.7
41052,-26.69,151.1,34.0
41053,-27.37,151.59,12.0
41085,-28.33,152.39,56.0
41090,-26.54,151.13,29.0
41092,-26.45,150.89,49.0
41095,-28.66,151.93,26.2
41096,-27.51,151.95,18.3
41100,-28.85,151.17,54.7
41112,-28.4,150.05,60.0
41120,-28.2,152.21,19.1
41124,-28.28,150.37,32.0
41145,-26.84,151.17,24.8
41152,-27.98,150.92,47.6
41162,-28.27,150.81,33.2
41169,-28.39,150.48,54.8
41175,-28.62,151.95,28.4
41219,-27.99,151.55,31.8
41230,-28.73,151.18,39.4
41323,-28.02,152.29,12.0
41348,-28.17,150.64,30.6
41359,-27.4,151.74,18.6
41391,-28.36,151.15,55.5
41404,-27.96,151.66,11.9
41405,-27.8,151.74,19.0
41415,-28.24,151.53,55.4
41430,-28.97,151.47,64.1
41445,-28.21,151.92,10.1
41454,-28.83,151.94,27.0
41457,-28.42,151.21,63.0
41464,-28.15,152.33,16.6
41469,-27.03,151.09,30.7
41473,-28.1,151.81,33.2
41489,-28.3,150.29,50.2
41490,-26.9,150.78,63.0
41491,-28.43,151.47,29.0
41493,-27.49,150.46,33.6
41495,-28.48,151.28,34.0
41503,-28.22,152.05,12.0
41506,-28.66,150.67,46.8
41507,-28.67,150.45,31.4
41508,-27.73,150.65,40.0
41509,-27.67,150.35,55.2
41514,-28.03,151.58,31.0
41515,-27.85,151.68,20.0
41516,-28.03,152.02,13.0
41519,-28.58,150.85,50.0
41525,-28.21,152.1,13.4
41529,-27.54,151.91,18.8
41530,-28.2,152.22,13.0
41531,-28.12,152.06,2.0
41532,-28.36,152.0,10.0
41534,-28.21,152.03,10.0
41535,-28.37,152.14,20.0
41537,-28.34,152.29,18.0
41540,-29.17,151.34,67.6
41545,-27.65,150.91,45.8
41546,-27.98,150.52,48.4
41547,-28.92,151.93,14.4
41548,-28.87,151.16,62.0
41550,-27.99,151.28,34.6
41551,-26.97,151.48,18.0
41559,-28.52,150.3,48.8
42016,-27.34,150.06,32.0
42025,-26.55,150.63,50.0
42036,-26.16,150.84,13.0
42050,-28.06,149.65,58.0
42053,-27.89,149.56,69.0
42102,-27.94,150.14,60.0
42104,-28.38,149.67,48.2
42105,-28.42,148.83,34.0
42106,-28.94,148.74,19.0
42111,-27.83,149.68,55.4
42112,-26.66,150.18,47.2
42115,-28.07,149.98,53.8
42116,-28.23,149.56,45.0
43006,-26.25,148.95,29.2
43008,-26.17,148.66,39.8
43015,-25.84,148.57,78.0
43020,-26.49,147.98,40.0
43026,-26.77,148.36,18.2
43033,-26.47,148.8,37.0
43035,-27.16,149.07,61.9
43038,-26.59,149.19,49.4
43051,-26.26,149.24,29.0
43052,-27.02,149.48,42.0
43054,-25.84,148.57,74.6
43060,-26.08,147.9,38.8
43075,-25.8,147.95,77.2
43080,-27.23,148.74,42.4
43091,-26.55,148.77,34.2
43095,-27.39,149.39,58.8
43097,-27.76,149.4,42.2
43099,-26.82,148.02,32.0
43100,-27.73,148.47,24.0
43101,-27.31,148.83,40.0
43102,-26.49,147.98,34.0
43105,-26.41,148.78,26.0
43108,-25.96,148.39,59.4
43109,-28.05,148.6,23.0
44010,-28.03,147.48,0.8
44013,-26.38,145.22,6.5
44021,-26.41,146.26,19.2
44026,-28.07,145.68,13.7
44038,-27.02,147.15,28.0
44045,-27.41,147.43,24.2
44054,-28.81,147.12,7.0
44056,-26.45,147.54,30.6
44068,-27.09,147.37,5.5
44075,-27.27,148.08,15.2
44117,-28.59,148.23,19.8
44154,-28.39,148.31,18.2
44174,-27.62,145.83,18.6
44181,-29.0,144.41,13.0
44208,-26.14,145.66,4.2
44211,-25.34,147.3,18.8
44212,-26.12,146.62,7.8
44223,-25.45,147.3,14.2
44229,-26.4,146.24,11.0
44230,-26.48,146.09,9.0
44231,-26.55,146.02,22.0
44232,-26.08,146.42,11.0
44233,-26.71,146.11,13.6
44234,-26.04,146.43,14.0
45003,-26.9,144.34,25.0
45009,-27.4,141.81,5.2
45025,-27.99,143.82,23.0
45029,-28.07,141.53,8.6
46006,-29.09,141.2,2.5
46012,-31.52,143.39,15.0
46052,-29.41,143.38,1.0
46115,-31.39,144.04,17.3
46126,-29.44,142.06,7.8
46128,-31.09,141.7,14.2
46129,-30.85,143.07,15.0
46130,-30.48,143.91,30.2
46136,-29.76,143.11,25.8
46137,-30.07,141.88,9.0
46140,-30.87,143.71,18.8
46142,-30.07,141.01,4.6
47016,-34.04,141.27,15.4
47019,-32.39,142.42,17.5
47040,-33.93,142.36,17.4
47048,-32.0,141.47,9.0
47053,-34.11,141.92,13.8
47056,-32.42,141.55,10.0
47106,-32.93,142.38,13.0
47109,-31.98,142.15,5.8
47110,-32.01,142.82,4.4
48015,-29.96,146.87,21.4
48027,-31.48,145.83,21.0
48079,-29.7,144.15,20.5
48168,-29.12,147.9,55.2
48190,-29.35,147.4,9.6
48237,-31.54,145.8,21.4
48243,-29.43,147.97,58.0
48245,-30.04,145.95,11.8
48246,-29.15,145.41,5.4
48249,-30.49,146.33,14.0
48250,-31.73,144.93,29.0
49000,-32.88,144.31,10.8
49002,-34.64,143.56,11.6
49049,-33.73,144.02,16.0
49055,-34.2,143.79,23.8
49061,-32.39,144.75,4.0
49063,-33.05,144.14,15.0
49092,-33.7,144.28,19.0
49103,-32.17,144.2,15.5
49136,-32.83,145.88,14.8
50017,-33.94,147.2,21.6
50031,-32.72,148.19,14.2
50036,-32.92,147.7,19.4
50137,-33.07,147.21,14.8
51018,-31.7,148.66,33.4
51038,-31.84,147.72,32.8
51039,-31.55,147.2,42.8
51042,-30.93,147.87,29.9
51049,-31.99,147.95,24.0
51160,-31.7,148.63,26.4
51161,-30.98,148.38,33.4
51162,-30.24,147.53,32.8
51164,-31.08,146.93,37.6
52020,-28.98,148.99,35.6
52023,-30.35,148.88,46.8
52088,-30.04,148.12,43.6
53002,-30.95,149.07,0.0
53018,-28.99,150.02,53.1
53026,-30.26,149.68,42.8
53033,-29.47,150.14,72.4
53044,-30.23,149.45,54.8
53070,-29.62,149.38,45.6
53085,-28.97,149.67,30.2
53115,-29.49,149.85,37.4
54003,-30.38,150.61,116.4
54004,-29.87,150.57,126.0
54021,-30.32,150.27,120.6
54029,-29.54,150.58,73.6
54038,-30.32,149.83,36.6
54039,-29.99,150.78,50.8
54076,-29.64,151.43,77.2
54104,-29.39,151.24,63.6
54121,-29.5,151.13,70.0
54141,-29.58,150.37,68.0
54153,-30.12,150.13,66.4
55016,-31.0,151.23,101.7
55024,-31.03,150.27,87.0
55044,-30.7,150.28,53.2
55046,-31.53,150.44,28.2
55049,-31.51,150.68,99.0
55066,-31.62,150.84,112.0
55136,-30.97,151.35,96.4
55164,-31.18,151.3,65.4
55202,-30.95,150.25,101.6
55245,-31.5,151.03,113.6
55257,-31.22,150.82,127.2
55262,-31.35,151.32,89.0
55308,-30.88,151.16,110.0
55309,-31.15,151.23,109.6
55312,-30.75,150.72,111.4
55313,-31.27,150.92,86.4
55325,-31.07,150.84,101.6
56001,-29.72,151.36,79.6
56006,-30.17,151.08,103.6
56008,-29.44,151.85,36.2
56013,-29.7,151.69,68.8
56018,-29.78,151.08,101.8
56023,-28.39,152.42,48.6
56028,-30.73,151.51,89.6
56032,-29.05,152.02,25.2
56034,-30.64,151.49,82.4
56037,-30.52,151.67,93.0
56038,-28.55,152.16,38.8
56140,-29.47,151.67,15.0
56161,-30.16,151.88,80.0
56202,-28.98,152.16,50.6
56229,-30.21,151.68,86.0
56237,-29.8,151.27,64.0
56238,-30.53,151.62,76.0
56239,-28.7,152.1,58.4
56240,-30.33,151.73,69.2
56242,-29.78,151.11,92.0
56243,-29.68,151.69,78.2
56245,-29.96,151.61,87.0
57003,-28.74,152.62,59.2
57005,-28.93,152.38,62.0
57014,-29.56,152.14,68.6
57020,-28.47,152.55,57.0
57023,-30.29,152.17,108.5
57079,-30.52,152.04,87.0
57091,-30.72,151.85,119.0
57095,-28.76,152.45,93.4
57119,-30.89,151.85,143.0
57123,-29.76,152.21,75.6
57124,-30.48,152.4,150.8
58005,-28.4,153.17,48.0
58006,-29.57,153.08,198.6
58012,-29.43,153.36,356.4
58023,-28.79,153.4,177.6
58027,-29.42,153.25,239.7
58028,-29.38,152.79,44.6
58040,-28.55,153.49,187.4
58044,-28.6,153.22,56.8
58045,-29.94,152.73,93.8
58056,-28.2,153.55,238.0
58068,-29.41,153.02,115.8
58070,-28.64,153.41,177.9
58073,-29.53,152.8,80.4
58077,-29.62,152.96,146.0
58079,-29.75,153.11,211.5
58080,-29.86,153.26,212.1
58099,-29.28,152.99,98.8
58113,-28.47,153.09,42.4
58127,-28.73,153.41,183.6
58137,-28.26,153.58,222.0
58148,-28.53,153.15,87.0
58158,-28.34,153.38,107.3
58161,-29.76,153.03,136.4
58162,-28.73,153.46,244.0
58167,-28.41,153.33,95.5
58180,-28.61,153.21,102.0
58186,-28.33,153.4,103.0
58193,-28.35,153.29,82.5
58194,-28.38,152.72,42.0
58198,-28.84,153.56,312.4
58199,-28.74,153.16,82.0
58201,-28.8,153.24,80.0
58202,-28.74,153.08,78.0
58204,-28.32,153.35,117.0
58206,-28.72,153.36,147.0
58207,-29.04,152.81,56.6
58208,-28.88,153.06,67.2
58212,-29.18,153.4,320.8
58214,-28.83,153.26,118.6
58216,-28.64,153.64,229.0
58222,-29.78,153.26,284.0
59007,-31.07,152.77,188.4
59032,-30.78,152.7,156.0
59045,-30.36,152.49,171.0
59054,-30.05,152.98,144.0
59078,-30.35,152.9,250.0
59122,-30.82,152.51,108.0
59124,-29.98,152.72,108.5
59131,-30.88,152.61,146.0
59138,-30.66,152.65,99.0
59139,-30.1,153.0,194.6
59140,-30.34,152.72,209.5
59146,-30.47,152.82,143.5
59151,-30.32,153.12,205.4
60002,-32.41,152.21,211.0
60013,-32.18,152.51,102.0
60015,-32.01,151.96,162.0
60021,-32.06,152.26,240.2
60036,-31.86,152.34,211.6
60042,-32.15,151.95,184.8
60052,-31.23,152.59,146.0
60065,-32.29,152.3,238.0
60069,-31.63,151.96,154.0
60085,-31.39,152.25,342.0
60103,-32.06,152.12,204.0
60104,-31.41,151.6,170.0
60117,-31.88,152.15,189.0
60118,-31.78,152.08,190.4
60128,-31.58,151.32,132.2
60137,-31.77,151.89,153.8
60141,-31.89,152.51,241.4
60147,-31.73,152.4,212.0
60152,-31.96,151.73,203.4
60153,-31.89,151.56,322.0
60155,-32.13,152.06,218.4
60158,-32.31,152.48,541.6
60161,-31.61,152.47,386.0
60163,-31.46,152.32,160.0
60164,-31.35,152.01,216.0
60165,-31.66,152.37,312.0
61014,-32.64,151.42,193.9
61024,-32.43,151.54,159.8
61041,-33.1,151.55,216.2
61055,-32.92,151.8,289.8
61056,-32.8,151.28,142.0
61078,-32.79,151.84,255.2
61092,-32.59,151.33,155.0
61100,-32.77,151.09,21.0
61106,-32.36,151.81,132.4
61110,-32.87,150.79,87.0
61143,-32.65,151.02,107.6
61170,-32.28,151.79,234.6
61185,-32.11,150.99,95.8
61192,-32.21,150.74,79.0
61195,-31.77,151.08,94.0
61209,-32.96,150.68,113.0
61226,-32.94,151.14,177.0
61250,-32.63,151.59,195.6
61260,-32.79,151.34,176.0
61268,-32.73,151.56,166.0
61270,-32.27,151.14,111.0
61287,-32.19,150.17,56.8
61288,-32.33,151.46,149.6
61290,-32.16,151.49,284.0
61329,-32.83,151.31,56.0
61334,-33.05,150.23,60.0
61336,-33.16,150.68,185.0
61339,-32.56,151.8,186.8
61349,-32.57,151.61,174.0
61350,-32.17,151.59,214.0
61360,-32.05,150.85,72.0
61363,-32.03,150.83,109.0
61366,-33.28,151.58,435.6
61372,-31.8,150.93,96.8
61373,-31.96,150.86,98.6
61375,-33.29,151.21,232.0
61377,-33.09,151.63,214.2
61382,-33.17,151.22,199.0
61392,-31.74,150.79,110.6
61401,-32.04,150.9,123.0
61412,-33.09,151.46,240.6
61413,-32.05,151.47,443.8
61415,-32.35,151.64,67.0
61419,-31.83,150.35,136.0
61420,-32.39,151.37,167.0
61423,-32.38,150.49,61.0
61425,-33.44,151.36,334.6
61428,-32.7,151.49,172.2
61430,-32.7,151.16,140.0
62009,-32.0,149.99,59.6
62013,-32.36,149.53,7.4
62036,-32.28,149.74,23.0
62093,-32.72,149.77,3.0
62100,-32.72,150.23,127.2
62101,-32.56,149.61,28.2
62106,-32.99,148.93,11.0
62107,-32.47,150.11,44.0
62108,-32.03,150.02,55.0
63005,-33.43,149.56,13.6
63022,-33.8,148.7,16.2
63028,-33.69,150.53,156.6
63032,-34.28,149.67,30.4
63039,-33.71,150.3,276.4
63043,-33.53,150.63,184.8
63061,-33.82,149.32,34.8
63076,-33.08,149.69,31.2
63226,-33.48,150.13,119.2
63245,-33.65,149.08,28.8
63254,-33.32,149.08,37.7
63264,-33.57,149.38,42.0
63270,-33.62,150.17,116.4
63271,-34.04,149.36,41.7
63283,-33.7,150.03,167.0
63287,-33.41,149.58,37.0
63290,-33.5,150.52,213.2
63291,-33.41,149.65,24.6
63292,-33.62,150.27,200.4
63293,-33.74,149.88,76.0
63295,-33.63,150.28,199.0
63297,-33.57,149.91,51.0
63298,-33.61,149.7,24.0
63303,-33.38,149.13,55.2
63304,-33.72,149.51,11.0
63308,-33.43,150.14,127.0
64008,-31.28,149.28,38.5
64015,-31.82,149.12,39.4
64017,-31.33,149.27,39.8
64025,-31.82,149.72,38.0
64027,-31.31,149.2,42.4
64029,-32.02,149.39,40.8
65020,-33.18,148.69,21.4
65034,-32.56,148.95,25.1
65041,-33.1,148.87,19.0
65068,-33.13,148.24,26.8
65070,-32.22,148.58,31.0
65084,-33.37,148.59,20.5
65098,-32.68,148.92,24.6
65103,-33.36,147.92,28.0
65110,-33.25,148.98,47.2
65111,-33.84,148.65,19.6
66006,-33.87,151.22,415.2
66011,-33.8,151.18,0.0
66013,-33.85,151.1,293.0
66014,-34.07,151.15,413.0
66034,-33.85,151.13,352.0
66036,-33.92,151.14,264.0
66037,-33.95,151.17,326.6
66048,-33.85,151.11,277.6
66052,-33.91,151.24,438.0
66058,-33.99,151.13,0.0
66059,-33.69,151.23,341.0
66078,-34.05,150.98,209.8
66098,-33.88,151.27,428.6
66124,-33.79,151.02,220.2
66126,-33.74,151.31,431.5
66137,-33.92,150.98,242.6
66148,-33.97,151.06,128.0
66160,-33.9,151.23,393.0
66161,-33.99,150.95,178.0
66176,-34.06,151.06,295.0
66194,-33.91,151.11,297.8
66212,-33.83,151.07,274.4
66213,-33.8,151.12,265.0
66214,-33.86,151.2,389.6
67002,-33.67,150.67,42.1
67015,-33.97,150.73,124.0
67019,-33.82,150.91,146.0
67065,-33.7,151.1,304.6
67081,-33.71,150.77,127.6
67105,-33.6,150.78,167.2
67108,-33.9,150.73,121.4
67109,-33.77,150.98,199.5
67110,-33.79,150.92,150.5
67111,-33.79,151.02,203.5
67112,-33.77,151.02,231.5
67113,-33.72,150.68,100.4
67119,-33.85,150.86,145.6
68007,-34.03,150.65,132.3
68024,-34.23,150.91,305.0
68044,-34.45,150.46,26.4
68072,-34.95,150.54,189.4
68083,-34.93,150.75,312.3
68088,-35.09,150.62,298.0
68151,-35.09,150.8,446.8
68159,-34.17,150.81,165.0
68160,-34.05,150.88,165.0
68181,-34.73,150.52,198.0
68192,-34.04,150.69,141.8
68213,-34.87,150.61,221.0
68216,-34.12,150.74,134.0
68217,-34.69,150.53,259.0
68218,-34.72,150.65,299.0
68224,-34.59,150.63,378.4
68239,-34.53,150.42,169.0
68241,-34.56,150.79,267.4
68242,-34.65,150.86,274.4
68247,-34.77,150.56,317.8
68248,-34.66,150.43,258.0
68249,-34.96,150.1,109.0
68252,-34.67,150.85,321.2
68255,-34.49,150.4,151.0
68257,-34.06,150.77,144.6
68262,-34.33,150.27,122.2
68263,-34.08,150.9,190.2
68264,-35.14,150.7,361.2
69002,-36.69,149.84,51.1
69006,-35.7,149.79,77.0
69015,-37.08,149.91,38.2
69017,-36.25,150.23,122.0
69018,-35.91,150.15,105.7
69022,-36.21,150.14,111.3
69023,-35.65,150.15,170.4
69033,-35.9,149.96,50.0
69035,-35.76,149.82,86.0
69049,-35.12,150.08,107.0
69055,-37.26,150.05,24.6
69062,-35.94,149.59,68.0
69114,-36.54,149.82,54.2
69127,-35.69,149.84,106.0
69128,-35.11,150.08,129.0
69132,-35.43,149.78,77.4
69133,-36.66,149.51,39.0
69134,-35.72,150.19,90.6
69137,-37.26,150.05,53.0
69138,-35.36,150.48,213.0
69139,-36.67,149.82,48.6
69144,-36.73,149.84,138.0
69145,-35.98,149.86,114.0
69147,-36.91,149.9,53.4
69148,-35.9,150.14,109.6
69150,-35.38,150.0,186.8
69152,-36.84,149.52,67.0
70005,-36.91,149.24,29.4
70016,-35.59,149.45,60.6
70025,-34.46,149.47,38.2
70032,-35.23,148.91,68.2
70043,-34.78,149.27,2.0
70057,-35.82,149.63,31.4
70063,-34.71,150.0,109.5
70067,-36.51,149.28,14.1
70080,-34.4,149.82,107.8
70111,-34.56,149.25,30.9
70119,-34.57,150.0,93.0
70217,-36.29,148.97,23.8
70237,-36.59,149.38,82.2
70242,-35.26,149.07,32.6
70263,-34.75,149.7,66.6
70278,-36.23,149.12,35.2
70307,-35.25,149.11,26.0
70308,-35.38,149.09,1.8
70309,-36.91,149.04,18.8
70328,-37.0,149.23,21.8
70330,-34.81,149.73,65.0
70333,-34.4,149.09,22.6
70335,-35.2,149.96,90.0
70339,-35.42,149.09,37.0
70342,-35.19,149.66,13.2
70346,-35.19,149.25,40.4
70349,-35.53,148.77,41.8
70350,-35.21,149.01,31.0
70351,-35.31,149.2,32.6
71022,-36.37,148.83,28.0
71032,-36.49,148.29,98.4
71041,-36.5,148.3,177.7
71075,-36.41,148.41,284.8
72012,-35.6,147.73,49.0
72023,-36.1,147.03,37.8
72043,-35.78,148.01,61.7
72078,-35.68,147.52,31.4
72101,-35.71,147.49,9.0
72150,-35.16,147.46,25.2
72152,-35.32,148.43,89.6
72160,-36.07,146.95,44.6
72161,-35.94,148.38,96.2
72162,-36.23,148.14,87.6
72163,-35.9,148.18,62.8
72169,-35.71,148.0,80.2
73007,-35.0,148.6,73.2
73014,-33.89,148.15,27.6
73019,-34.85,147.57,21.6
73029,-34.55,148.35,30.6
73050,-34.76,148.83,52.8
73051,-34.21,148.55,32.4
73100,-33.91,148.44,4.6
73109,-34.43,148.54,5.8
73115,-35.16,148.23,9.0
73136,-34.89,148.71,57.8
73138,-34.25,148.25,14.2
73142,-34.63,148.04,27.3
73150,-34.53,147.84,28.4
73151,-34.43,147.51,31.2
74000,-34.36,146.9,3.0
74005,-34.28,146.57,10.0
74034,-35.99,146.36,41.0
74037,-34.62,146.43,13.8
74042,-35.64,145.58,15.4
74050,-34.74,146.78,13.4
74081,-35.99,146.01,18.2
74110,-35.33,146.27,23.6
74118,-34.51,146.18,11.8
74127,-35.11,147.36,24.3
74129,-35.72,144.79,4.2
74148,-34.71,146.51,15.4
74162,-34.93,146.3,12.4
74202,-34.85,146.98,23.4
74258,-35.56,144.95,15.6
74261,-34.53,146.98,20.2
74267,-34.0,146.77,15.4
74272,-35.13,147.25,26.2
75007,-33.84,144.91,3.6
75019,-34.54,144.83,20.0
75032,-33.49,145.52,13.0
75039,-33.28,146.37,6.0
75041,-34.25,146.07,17.0
75140,-34.15,145.14,14.8
75163,-33.35,145.87,15.6
76000,-34.85,142.78,17.2
76018,-35.11,142.92,8.6
76031,-34.24,142.09,20.2
76038,-35.26,141.18,26.4
76042,-34.75,142.74,14.4
76047,-35.07,142.31,15.0
76050,-35.26,143.35,9.8
76064,-35.12,142.0,28.2
76067,-34.39,141.6,21.4
76103,-35.19,142.37,30.0
76105,-34.72,143.15,13.8
76133,-34.11,141.02,19.2
77008,-35.92,142.85,31.4
77010,-35.72,142.36,34.2
77016,-35.97,143.61,21.8
77025,-35.46,143.63,20.5
77028,-35.8,142.88,36.5
77034,-35.93,143.5,24.6
77039,-35.5,142.85,17.4
77048,-35.47,143.27,21.0
77052,-35.68,142.67,27.6
77088,-35.99,142.92,33.0
77094,-35.38,143.54,14.4
78007,-36.44,143.12,49.8
78010,-36.46,142.03,37.6
78014,-36.26,141.86,2.2
78015,-36.31,141.65,36.2
78018,-36.32,142.42,32.2
78042,-36.08,143.23,50.6
78086,-36.14,141.99,38.6
79003,-36.7,143.16,4.2
79011,-37.03,141.28,56.8
79017,-36.72,141.47,58.4
79019,-37.18,142.86,39.3
79028,-36.67,142.3,54.2
79036,-36.74,141.94,43.6
79040,-36.62,143.26,37.6
79071,-36.97,141.08,64.2
79075,-36.63,142.63,39.4
79099,-37.02,141.27,69.4
79100,-36.67,142.17,51.0
79101,-37.23,143.2,88.8
79103,-37.3,142.6,149.2
79105,-37.07,142.74,67.8
80004,-35.97,143.85,18.5
80015,-36.16,144.76,24.1
80023,-35.75,143.94,21.8
80024,-35.87,143.8,26.2
80027,-36.32,143.74,35.0
80036,-35.97,144.11,21.2
80049,-36.36,144.71,25.0
80056,-36.25,144.96,40.6
80067,-36.27,143.35,44.8
80091,-36.34,145.06,27.6
80128,-36.28,143.33,39.6
80130,-36.27,144.17,25.4
81007,-36.46,145.66,16.2
81008,-36.54,144.78,33.4
81016,-36.5,144.61,26.4
81019,-36.72,145.17,23.6
81034,-36.4,145.34,29.6
81046,-36.44,144.98,28.6
81049,-36.44,145.27,29.0
81063,-37.08,143.48,44.2
81083,-36.85,144.53,43.3
81085,-36.86,143.73,48.0
81087,-36.26,146.04,7.6
81115,-36.63,144.87,12.6
81120,-36.58,145.01,27.8
81124,-36.03,146.03,22.4
81125,-36.43,145.39,26.8
81127,-36.89,143.5,47.8
82018,-36.77,147.7,99.6
82021,-36.1,146.6,3.2
82029,-36.46,146.43,21.6
82039,-36.1,146.51,26.6
82041,-36.19,146.47,25.8
82042,-36.85,145.73,88.6
82056,-36.12,146.91,44.1
82068,-36.53,147.37,81.4
82076,-36.54,147.5,88.9
82084,-36.71,145.76,58.8
82090,-36.48,147.03,37.9
82105,-36.83,146.4,109.2
82116,-36.61,146.36,27.8
82128,-36.51,146.45,19.0
82134,-36.69,145.87,13.3
82138,-36.42,146.31,21.8
82139,-36.21,147.54,116.8
82140,-36.85,145.94,100.6
82142,-36.95,146.22,101.4
82143,-36.79,145.66,48.4
82144,-36.82,145.64,58.2
82145,-36.88,145.58,62.4
82146,-36.93,145.58,67.0
82147,-36.92,145.68,16.6
82148,-36.83,145.85,84.0
82149,-36.79,145.57,48.0
82151,-36.86,145.73,102.2
82153,-36.82,145.71,70.0
82154,-36.89,145.68,79.2
82155,-36.82,146.13,68.2
82162,-36.58,146.82,51.0
82163,-36.64,146.55,28.0
82166,-36.42,146.56,28.0
82167,-36.53,146.22,25.2
82169,-36.18,147.89,14.4
82170,-36.55,146.0,30.4
82172,-36.25,147.1,47.2
83000,-36.91,146.24,121.6
83010,-36.63,146.86,68.6
83019,-37.05,146.09,29.6
83024,-37.15,146.44,245.2
83038,-36.66,147.13,79.8
83043,-36.87,147.29,273.5
83055,-37.05,147.33,69.6
83058,-36.85,146.86,140.8
83079,-36.71,146.67,16.2
83083,-36.74,146.47,59.9
83084,-36.87,147.28,139.6
83085,-36.98,147.13,90.4
83090,-37.1,147.6,40.2
83091,-37.3,146.15,121.8
83093,-37.34,146.42,126.8
83094,-37.22,146.6,109.8
83095,-37.0,147.41,86.8
84003,-37.71,147.83,14.6
84015,-37.37,147.84,32.0
84016,-37.57,149.92,84.6
84023,-37.79,148.55,34.0
84045,-37.85,148.06,49.2
84084,-37.6,149.73,87.2
84118,-37.49,147.17,51.0
84128,-37.36,149.21,45.8
84140,-37.8,147.76,12.6
84142,-37.22,148.26,45.4
84143,-37.34,149.02,56.8
84144,-37.69,148.09,45.0
84145,-37.69,148.47,40.6
84147,-37.82,147.57,19.8
84150,-37.87,148.01,53.2
85007,-38.43,146.54,92.8
85009,-38.2,146.53,33.0
85021,-37.7,146.52,88.4
85033,-38.42,147.09,11.0
85034,-37.91,146.8,22.2
85041,-38.61,145.71,38.7
85042,-38.02,145.9,67.0
85063,-38.61,146.32,72.9
85072,-38.12,147.13,20.2
85096,-39.13,146.42,128.4
85099,-38.63,145.81,56.2
85151,-38.56,146.75,22.6
85166,-37.96,147.08,13.3
85167,-38.01,147.4,2.0
85168,-37.83,147.08,19.4
85179,-38.1,145.96,57.0
85238,-37.95,146.39,24.2
85270,-37.76,147.37,20.0
85279,-37.88,147.57,21.0
85280,-38.21,146.47,34.2
85281,-38.32,146.53,50.8
85288,-37.47,146.69,80.2
85289,-37.85,146.56,51.4
85291,-37.84,146.27,151.4
85293,-38.9,145.94,81.5
85296,-37.75,147.14,28.0
85297,-37.97,146.99,13.4
85307,-38.35,146.44,43.6
85308,-38.31,146.21,58.4
85309,-38.22,146.25,55.0
85310,-38.27,146.09,95.2
85313,-38.13,145.99,58.6
85314,-38.1,147.14,18.0
86020,-37.96,145.08,26.6
86035,-37.7,145.16,32.8
86038,-37.73,144.91,39.0
86068,-37.74,145.1,38.2
86074,-37.82,145.19,41.6
86077,-37.98,145.1,38.6
86079,-38.24,145.07,30.0
86088,-37.91,145.09,45.9
86096,-37.72,145.01,38.6
86104,-37.87,145.26,32.4
86111,-37.94,145.18,31.0
86117,-37.48,145.15,44.6
86127,-38.61,145.6,47.6
86131,-37.56,145.13,42.6
86210,-38.07,145.13,36.8
86213,-38.38,144.9,35.2
86232,-37.83,144.98,26.6
86234,-37.81,145.3,20.6
86266,-37.87,145.35,63.4
86282,-37.67,144.83,35.6
86297,-37.87,145.12,21.3
86305,-37.64,144.91,38.2
86338,-37.83,144.98,37.4
86350,-37.42,144.98,42.0
86361,-38.36,145.18,42.2
86373,-38.46,145.31,60.8
86374,-37.47,145.26,81.2
86377,-37.42,145.08,49.6
86383,-37.72,145.41,36.8
87016,-37.77,144.1,49.8
87017,-37.47,144.31,119.2
87031,-37.86,144.76,33.8
87042,-37.83,144.06,55.0
87043,-37.82,144.15,48.8
87061,-37.57,144.74,50.1
87113,-38.03,144.48,34.6
87118,-37.35,144.61,68.0
87121,-37.68,144.67,2.4
87130,-37.35,144.75,15.2
87135,-38.28,144.48,12.2
87162,-38.14,144.19,32.8
87168,-37.91,144.13,34.2
87175,-37.27,144.6,77.2
87178,-38.25,144.51,43.0
87184,-38.17,144.38,38.6
88001,-37.19,145.71,55.8
88009,-36.99,143.97,49.5
88010,-37.25,144.86,72.4
88015,-37.3,143.78,60.0
88020,-37.34,144.16,89.2
88021,-37.2,144.01,24.0
88023,-37.23,145.91,72.2
88029,-36.96,144.7,63.8
88031,-37.07,145.41,96.3
88043,-37.06,143.73,50.0
88051,-37.02,144.52,50.8
88053,-37.03,145.15,60.8
88060,-37.45,145.21,78.6
88061,-37.36,144.54,87.8
88064,-37.12,144.86,79.4
88067,-37.22,145.43,70.6
88071,-37.42,144.21,104.6
88103,-37.5,145.75,122.0
88108,-37.16,144.21,62.2
88109,-36.89,145.19,45.6
88110,-37.08,144.24,63.6
88121,-37.14,144.93,67.6
88123,-37.25,144.43,72.4
88124,-36.83,145.09,38.0
88126,-37.02,145.11,33.6
88154,-37.39,145.48,59.2
88162,-37.38,144.97,46.8
88164,-37.21,145.84,55.6
88166,-37.02,144.85,89.6
88167,-36.94,145.05,72.4
89002,-37.51,143.79,67.6
89003,-37.25,141.84,83.8
89018,-37.95,143.34,47.6
89019,-37.4,142.38,80.8
89022,-37.65,142.23,64.4
89025,-37.69,143.37,36.0
89033,-37.69,142.73,41.6
89034,-37.55,142.74,26.8
89045,-37.41,143.06,58.8
89068,-37.9,143.72,44.6
89074,-37.95,143.22,36.4
89084,-37.93,143.87,35.0
89085,-37.28,142.98,79.1
89103,-37.97,143.22,41.8
89112,-37.71,142.94,45.6
90001,-38.76,143.67,89.0
90005,-38.2,143.64,35.4
90010,-37.86,141.77,70.4
90015,-38.86,143.51,98.6
90021,-38.33,143.08,55.0
90022,-38.28,143.66,25.6
90024,-37.6,141.69,61.1
90035,-38.23,143.79,37.0
90060,-38.47,142.75,78.6
90063,-37.88,142.29,58.0
90070,-38.35,141.59,59.8
90077,-38.24,142.92,59.8
90147,-38.34,143.58,41.3
90167,-38.24,143.99,30.4
90171,-38.31,141.47,90.0
90173,-37.65,142.06,72.0
90175,-38.39,142.23,67.4
90176,-38.07,142.77,28.6
90180,-38.46,144.09,30.0
90182,-37.58,141.33,82.2
90183,-38.63,143.73,125.0
90184,-38.43,141.54,81.0
90185,-38.55,143.86,120.8
90186,-38.29,142.45,55.4
90194,-37.92,141.26,104.2
91055,-41.54,146.14,109.4
91072,-41.47,147.16,50.2
91107,-41.0,145.73,90.8
91109,-41.14,145.71,146.8
91126,-41.17,146.43,83.4
91153,-41.34,146.28,116.1
91194,-41.35,147.8,99.2
91198,-41.39,147.42,196.8
91219,-41.17,147.49,90.0
91223,-40.91,144.71,104.0
91227,-41.53,146.66,104.8
91236,-41.51,146.83,55.2
91237,-41.42,147.12,61.2
91255,-41.23,146.93,95.6
91259,-41.15,145.15,142.8
91260,-41.49,146.9,60.2
91263,-41.49,147.23,61.0
91266,-41.4,146.5,101.4
91267,-41.65,146.62,86.4
91271,-41.4,147.3,99.8
91290,-41.63,146.7,83.0
91291,-41.39,146.32,124.0
91292,-40.83,145.08,81.6
91293,-41.05,146.79,76.4
91303,-41.52,147.03,50.0
91305,-41.31,147.38,150.6
91311,-41.55,147.22,53.8
91312,-41.44,146.12,22.3
91321,-41.4,145.93,222.2
91325,-41.73,147.24,51.2
91326,-41.6,147.41,53.0
91331,-40.68,144.69,85.4
91332,-41.35,146.42,111.8
91335,-40.98,145.62,105.6
91338,-41.28,147.29,112.4
91346,-41.23,147.21,62.8
91348,-41.11,147.1,58.0
91351,-41.38,146.82,88.2
91355,-41.05,145.88,94.6
91357,-40.98,145.09,107.6
91364,-40.93,145.6,111.0
91365,-41.26,146.16,106.0
91366,-41.68,146.68,115.8
92020,-41.82,147.96,19.6
92030,-41.08,147.94,56.6
92045,-40.99,148.35,61.2
92051,-41.27,147.95,117.2
92079,-42.21,147.78,18.6
92109,-41.46,147.57,79.6
92111,-41.43,147.72,103.2
92114,-42.0,148.28,29.0
92120,-41.34,148.28,45.2
92123,-40.73,148.13,44.4
92124,-42.66,148.02,14.0
92141,-41.63,148.23,68.0
92144,-41.55,147.99,33.4
92146,-42.01,147.8,32.0
92148,-42.14,148.07,18.0
92149,-42.45,147.98,10.2
92153,-42.82,147.79,15.2
92154,-42.29,148.0,11.6
92155,-42.58,147.78,9.6
92157,-42.51,147.9,8.6
92158,-42.72,147.75,17.0
93044,-41.82,147.57,32.0
93046,-42.31,147.57,9.6
93049,-42.37,147.46,15.2
93051,-42.03,147.49,14.2
93052,-42.16,147.58,11.0
93053,-42.03,147.5,18.6
93058,-42.26,147.43,6.2
93059,-41.93,147.43,23.2
94020,-43.33,147.0,63.4
94022,-43.04,147.41,13.0
94029,-42.89,147.33,14.0
94040,-43.2,147.07,42.8
94041,-43.66,146.27,73.2
94048,-43.0,147.41,12.8
94064,-42.76,147.62,20.6
94068,-43.15,147.24,3.6
94071,-43.02,147.91,34.2
94087,-42.9,147.24,28.8
94111,-42.95,147.35,15.0
94125,-43.02,147.25,19.0
94143,-42.53,147.12,12.2
94155,-43.24,148.0,39.2
94172,-42.65,147.36,13.2
94175,-42.97,147.04,44.0
94179,-43.0,146.93,35.0
94182,-42.56,147.4,8.8
94191,-43.2,146.77,92.0
94195,-42.45,147.46,12.6
94198,-43.49,147.14,50.6
94204,-42.65,147.36,11.8
94212,-42.69,147.43,12.2
94213,-43.15,147.96,61.0
94214,-42.7,147.13,27.0
94220,-42.98,147.08,29.4
94231,-42.96,147.2,29.6
94237,-42.94,147.14,30.4
94239,-42.96,147.24,21.6
94248,-42.8,147.56,33.1
94249,-42.93,147.04,43.2
94250,-42.83,147.51,14.2
94252,-42.9,147.3,22.6
94254,-42.9,147.79,12.0
94255,-43.06,147.36,15.0
94258,-42.77,147.23,12.4
94261,-43.12,146.99,49.2
94263,-43.23,147.1,34.7
95003,-42.71,146.9,20.8
95046,-42.38,147.0,9.2
95047,-42.39,146.49,99.7
95048,-42.48,146.71,21.6
95059,-42.72,146.47,128.0
95079,-42.85,147.03,34.6
95081,-42.78,147.03,19.4
96003,-42.28,146.28,132.0
96033,-41.9,146.67,58.0
96038,-42.06,147.29,18.0
96069,-42.13,146.22,124.8
96070,-42.26,146.88,22.6
96081,-41.8,146.96,59.2
96083,-41.98,147.05,26.4
97000,-42.2,145.17,101.6
97006,-41.99,145.57,136.4
97020,-42.0,145.54,188.2
97024,-43.06,146.7,135.2
97047,-41.49,145.21,142.6
97054,-41.88,145.34,209.0
97072,-42.16,145.29,116.2
97080,-42.98,145.5,115.8
97083,-43.04,146.27,134.2
97085,-41.84,145.54,267.4
97091,-42.1,145.55,251.0
97092,-42.15,145.32,130.4
98000,-40.01,144.11,89.6
98017,-39.88,143.89,62.8
99005,-40.09,148.0,71.0
99014,-40.02,148.18,68.6
99015,-40.12,148.02,19.0
109501,-32.94,116.02,281.4
109507,-33.44,115.85,169.2
109508,-33.74,115.34,118.0
109509,-33.74,115.35,133.2
109511,-34.66,117.89,129.0
109513,-33.54,116.12,163.4
109516,-32.78,116.48,133.6
109518,-33.56,116.04,169.8
123700,-34.81,138.77,82.0
140007,-27.54,153.24,61.8
140008,-28.04,153.19,18.0
140009,-27.69,152.99,23.4
140010,-25.94,152.96,110.8
